{
  "company_name1": {
    "firebase": {
      "type": "service_account",
      "project_id": "abc",
      "private_key_id": "abc",
      "private_key": "abc",
      "client_email": "abc",
      "client_id": "abc",
      "auth_uri": "https://accounts.google.com/o/oauth2/auth",
      "token_uri": "https://oauth2.googleapis.com/token",
      "auth_provider_x509_cert_url": "https://www.googleapis.com/oauth2/v1/certs",
      "client_x509_cert_url": "https://www.googleapis.com/robot/v1/metadata/x509/firebase-adminsdk-7abc.iam.gserviceaccount.com",
      "universe_domain": "googleapis.com"
    },
    "fleetwire": {
      "email": "abc@gmail.com",
      "password": "abc123",
      "code": "",
      "remember": true
    }
  },
  "company_name2": {
    "firebase": {
      "type": "service_account",
      "project_id": "xyz",
      "private_key_id": "xyz",
      "private_key": "xyz",
      "client_email": "xyz",
      "client_id": "xyz",
      "auth_uri": "https://accounts.google.com/o/oauth2/auth",
      "token_uri": "https://oauth2.googleapis.com/token",
      "auth_provider_x509_cert_url": "https://www.googleapis.com/oauth2/v1/certs",
      "client_x509_cert_url": "https://www.googleapis.com/robot/v1/metadata/x509/firebase-adminsdk-7xyz.iam.gserviceaccount.com",
      "universe_domain": "googleapis.com"
    },
    "fleetwire": {
      "email": "xyz@gmail.com",
      "password": "xyz123",
      "code": "",
      "remember": true
    }
  }
}
